{"epoch": 19, "train_loss": 0.6018263697624207, "train_auc": 0.7379101418807611, "train_acc": 0.6747013651877133, "valid_auc": 0.7215522568065214, "valid_acc": 0.6696517412935323, "_runtime": 59, "_timestamp": 1622129572, "_step": 19}